NC_002677.1	73	A	G
NC_002677.1	4513	G	A
NC_002677.1	8402	G	A
NC_002677.1	8453	T	C
NC_002677.1	9869	T	C
NC_002677.1	12484	A	AACCACAGCTAGAC
NC_002677.1	12975	A	G
NC_002677.1	15439	G	A
NC_002677.1	16320	C	T
NC_002677.1	17173	G	A
NC_002677.1	19163	G	A
NC_002677.1	22061	G	A
NC_002677.1	23700	G	A
NC_002677.1	26545	G	A
NC_002677.1	28397	C	T
NC_002677.1	38081	G	A
NC_002677.1	39535	G	A
NC_002677.1	39614	G	A
NC_002677.1	39623	G	A
NC_002677.1	44770	G	A
NC_002677.1	48229	C	T
NC_002677.1	48680	G	T
NC_002677.1	48732	C	T
NC_002677.1	52851	T	C
NC_002677.1	57633	T	G
NC_002677.1	61244	C	T
NC_002677.1	61425	A	G
NC_002677.1	61530	C	T
NC_002677.1	62401	T	G
NC_002677.1	62545	G	T
NC_002677.1	66394	C	T
NC_002677.1	69328	G	T
NC_002677.1	71669	TTTGTTGTTGCCAACATTGCGACGCCACTACCGAGTCTCCACTCCCGGTCCGG	T
NC_002677.1	73073	CGATCAAGCCAGGAATCAAGTT	C
NC_002677.1	74825	T	C
NC_002677.1	74834	T	C
NC_002677.1	74913	T	C
NC_002677.1	77864	T	C
NC_002677.1	80693	C	T
NC_002677.1	94052	A	G
NC_002677.1	100574	A	G
NC_002677.1	128389	A	G
NC_002677.1	129046	T	A
NC_002677.1	157960	C	T
NC_002677.1	165853	C	A
NC_002677.1	168242	G	C
NC_002677.1	177506	A	G
NC_002677.1	180750	G	A
NC_002677.1	202440	AG	A
NC_002677.1	215690	G	C
NC_002677.1	219873	A	G
NC_002677.1	226896	T	G
NC_002677.1	240490	C	T
NC_002677.1	254429	G	C
NC_002677.1	259858	C	T
NC_002677.1	259867	C	T
NC_002677.1	259946	C	T
NC_002677.1	264501	A	C
NC_002677.1	276353	T	C
NC_002677.1	276432	T	C
NC_002677.1	277449	G	A
NC_002677.1	280142	C	T
NC_002677.1	280143	A	G
NC_002677.1	280145	A	C
NC_002677.1	280355	A	G
NC_002677.1	280434	A	G
NC_002677.1	280443	A	G
NC_002677.1	298572	A	G
NC_002677.1	308813	AATAT	A
NC_002677.1	309516	A	C
NC_002677.1	312038	TCCCCCCCCCCCC	T,TCCC
NC_002677.1	313361	A	G
NC_002677.1	315317	G	A
NC_002677.1	328289	C	T
NC_002677.1	328634	G	C
NC_002677.1	330125	G	A
NC_002677.1	336032	C	G
NC_002677.1	336266	T	C
NC_002677.1	346013	G	A
NC_002677.1	347279	CGGG	CGG,CG,C
NC_002677.1	347385	T	C
NC_002677.1	354566	C	A
NC_002677.1	354584	T	C
NC_002677.1	354590	G	A
NC_002677.1	364243	C	T
NC_002677.1	365435	G	A
NC_002677.1	369492	C	T
NC_002677.1	371889	T	C
NC_002677.1	373602	C	A
NC_002677.1	383599	C	G
NC_002677.1	384393	G	GC
NC_002677.1	390051	T	TG
NC_002677.1	393043	G	A
NC_002677.1	397132	C	T
NC_002677.1	400762	GGCCTGTCTCTAGAGGCTTT	G
NC_002677.1	403243	G	GCCTTGAGAAAT
NC_002677.1	417000	T	G
NC_002677.1	421565	C	T
NC_002677.1	422850	G	A
NC_002677.1	432335	T	G
NC_002677.1	433003	G	A
NC_002677.1	436217	T	C
NC_002677.1	442992	CG	CGGG,CGG,C
NC_002677.1	445012	CA	C
NC_002677.1	459887	C	T
NC_002677.1	464985	G	T
NC_002677.1	477016	G	A
NC_002677.1	481476	A	G
NC_002677.1	485138	T	C
NC_002677.1	492614	C	A
NC_002677.1	494674	T	G
NC_002677.1	508481	T	C
NC_002677.1	508714	G	T
NC_002677.1	509030	C	A
NC_002677.1	509178	G	A
NC_002677.1	509325	C	G
NC_002677.1	509425	C	T
NC_002677.1	509647	T	C
NC_002677.1	509851	G	T
NC_002677.1	523366	G	A
NC_002677.1	523454	G	A
NC_002677.1	528451	C	T
NC_002677.1	531649	C	T
NC_002677.1	533403	A	G
NC_002677.1	544468	T	A
NC_002677.1	548067	C	G
NC_002677.1	551994	G	T
NC_002677.1	560067	T	TTA
NC_002677.1	563796	G	C
NC_002677.1	569287	A	G
NC_002677.1	575459	C	T
NC_002677.1	593138	C	T
NC_002677.1	612421	G	A
NC_002677.1	614589	GGCGCTCATTCCTTAAGAA	G
NC_002677.1	637185	C	T
NC_002677.1	641505	C	T
NC_002677.1	642038	C	T
NC_002677.1	655726	G	A
NC_002677.1	657736	G	C
NC_002677.1	667800	ATATAATCTCAATATAAATCATGATAATGAGATGTAAT	A
NC_002677.1	667967	A	AGG
NC_002677.1	675500	C	T
NC_002677.1	686240	A	C
NC_002677.1	694090	T	C
NC_002677.1	711197	T	C
NC_002677.1	714396	C	T
NC_002677.1	718321	C	T
NC_002677.1	728656	T	TG
NC_002677.1	730349	G	C
NC_002677.1	733164	G	A
NC_002677.1	737050	C	CG
NC_002677.1	738327	C	CA
NC_002677.1	738610	G	T
NC_002677.1	741132	C	CG
NC_002677.1	751982	T	G
NC_002677.1	755941	CG	CGG,C
NC_002677.1	779532	C	T
NC_002677.1	794035	T	A
NC_002677.1	807196	C	T
NC_002677.1	831215	G	T
NC_002677.1	832152	T	C
NC_002677.1	836798	G	A
NC_002677.1	840584	A	G
NC_002677.1	846944	C	T
NC_002677.1	847092	TGTAATCCCGCGGACACGCGGC	T
NC_002677.1	848261	G	A
NC_002677.1	855081	G	A
NC_002677.1	888972	C	T
NC_002677.1	889482	G	A
NC_002677.1	890453	A	G
NC_002677.1	902543	C	T
NC_002677.1	904824	G	C
NC_002677.1	909038	G	C
NC_002677.1	938372	C	T
NC_002677.1	944191	C	CA
NC_002677.1	948934	AATATATATAT	A,AAT
NC_002677.1	953582	C	T,G
NC_002677.1	957142	A	G
NC_002677.1	958228	A	AC
NC_002677.1	963339	C	T
NC_002677.1	964628	C	T
NC_002677.1	966690	G	C
NC_002677.1	972005	T	G
NC_002677.1	976856	C	CG
NC_002677.1	977377	G	A
NC_002677.1	977711	ACAC	A
NC_002677.1	978006	G	A
NC_002677.1	1054139	C	G
NC_002677.1	1059469	G	A
NC_002677.1	1069954	T	C
NC_002677.1	1073641	C	T
NC_002677.1	1076949	G	C
NC_002677.1	1087397	T	C
NC_002677.1	1089560	T	C
NC_002677.1	1093106	GTGGTGGGC	G
NC_002677.1	1097704	C	CCCCACCAG
NC_002677.1	1104232	C	G
NC_002677.1	1108670	C	CA
NC_002677.1	1116442	CGGG	C,CG
NC_002677.1	1120609	C	T
NC_002677.1	1127748	T	A
NC_002677.1	1133492	T	G
NC_002677.1	1137803	G	A
NC_002677.1	1142139	TG	T
NC_002677.1	1143423	T	C
NC_002677.1	1146873	G	C
NC_002677.1	1149816	C	T
NC_002677.1	1155582	T	G
NC_002677.1	1161063	A	G
NC_002677.1	1169962	G	A
NC_002677.1	1190340	T	TTCGATG
NC_002677.1	1196461	G	T
NC_002677.1	1205699	T	G
NC_002677.1	1213324	GC	G
NC_002677.1	1216175	G	T
NC_002677.1	1220708	T	C
NC_002677.1	1225206	C	T
NC_002677.1	1225568	G	T
NC_002677.1	1227051	G	T
NC_002677.1	1227631	C	A
NC_002677.1	1248109	G	T
NC_002677.1	1257185	T	C
NC_002677.1	1262010	T	C
NC_002677.1	1265267	T	G
NC_002677.1	1278428	C	G
NC_002677.1	1295192	A	G
NC_002677.1	1309543	CGG	CGGG,CG,C,CGGGGGG
NC_002677.1	1324009	C	G
NC_002677.1	1339813	T	C
NC_002677.1	1341155	A	G
NC_002677.1	1341281	T	C
NC_002677.1	1341295	CA	C
NC_002677.1	1341387	C	T
NC_002677.1	1341394	C	T
NC_002677.1	1341415	G	A
NC_002677.1	1341459	T	A
NC_002677.1	1341473	G	A
NC_002677.1	1341481	T	C
NC_002677.1	1341486	C	T
NC_002677.1	1341549	G	C
NC_002677.1	1341551	C	T
NC_002677.1	1341653	C	T
NC_002677.1	1341658	A	C
NC_002677.1	1341683	T	G
NC_002677.1	1341691	G	A
NC_002677.1	1341698	G	A
NC_002677.1	1341699	T	A
NC_002677.1	1341700	C	T
NC_002677.1	1342023	A	C
NC_002677.1	1342051	C	T
NC_002677.1	1342063	G	T
NC_002677.1	1342090	C	T
NC_002677.1	1342102	A	T
NC_002677.1	1342221	C	T
NC_002677.1	1342226	G	A
NC_002677.1	1342353	C	G
NC_002677.1	1343119	T	C
NC_002677.1	1344830	C	A
NC_002677.1	1345107	T	C
NC_002677.1	1345108	G	C
NC_002677.1	1345120	C	G
NC_002677.1	1345121	A	G
NC_002677.1	1345640	C	T
NC_002677.1	1345660	C	A
NC_002677.1	1345661	T	C
NC_002677.1	1345662	T	C
NC_002677.1	1345663	C	G
NC_002677.1	1345673	C	T
NC_002677.1	1345685	G	C
NC_002677.1	1345686	A	G
NC_002677.1	1345687	T	G
NC_002677.1	1345688	G	T
NC_002677.1	1345712	G	A
NC_002677.1	1345715	G	A
NC_002677.1	1345732	C	T
NC_002677.1	1345746	T	A
NC_002677.1	1345747	G	T
NC_002677.1	1345759	C	A
NC_002677.1	1345760	A	T
NC_002677.1	1345767	C	T
NC_002677.1	1345770	C	T
NC_002677.1	1345810	T	C
NC_002677.1	1348426	T	C
NC_002677.1	1350890	C	T
NC_002677.1	1351149	C	G
NC_002677.1	1368008	T	C
NC_002677.1	1368593	G	A
NC_002677.1	1374169	G	C
NC_002677.1	1381437	A	G
NC_002677.1	1381662	GCCTCAACAACCTCCTCAACAACCT	GCCTCAACAACCT,G
NC_002677.1	1382825	A	AC
NC_002677.1	1403585	A	G
NC_002677.1	1407873	G	C
NC_002677.1	1407885	A	G
NC_002677.1	1408057	A	G
NC_002677.1	1414665	TA	T
NC_002677.1	1423393	A	G
NC_002677.1	1426796	A	G
NC_002677.1	1443409	G	C
NC_002677.1	1443712	C	G
NC_002677.1	1451075	G	C
NC_002677.1	1451076	T	C
NC_002677.1	1451424	T	C
NC_002677.1	1451503	T	C
NC_002677.1	1452572	GAC	G
NC_002677.1	1461460	GT	G
NC_002677.1	1475671	G	A
NC_002677.1	1477963	GT	G
NC_002677.1	1481751	C	T
NC_002677.1	1482581	C	T
NC_002677.1	1500917	C	T
NC_002677.1	1521281	GA	G
NC_002677.1	1526285	G	GC
NC_002677.1	1529088	A	G
NC_002677.1	1530718	A	G
NC_002677.1	1531183	GCA	GCACA,G
NC_002677.1	1532258	G	A
NC_002677.1	1533315	C	CG
NC_002677.1	1552904	G	C
NC_002677.1	1553667	C	G
NC_002677.1	1563310	G	A
NC_002677.1	1572227	C	T
NC_002677.1	1579109	T	G
NC_002677.1	1584133	G	C
NC_002677.1	1587661	C	T
NC_002677.1	1587950	T	C
NC_002677.1	1591062	C	T
NC_002677.1	1593427	TGCAGTGA	T
NC_002677.1	1593442	GC	G
NC_002677.1	1600049	A	G
NC_002677.1	1601902	C	A
NC_002677.1	1605920	A	C
NC_002677.1	1605956	G	A
NC_002677.1	1610660	G	A
NC_002677.1	1614069	T	C
NC_002677.1	1625045	T	G
NC_002677.1	1638724	C	T
NC_002677.1	1642875	G	T
NC_002677.1	1643162	T	C
NC_002677.1	1648026	T	C
NC_002677.1	1648105	C	T
NC_002677.1	1651227	G	A
NC_002677.1	1651306	A	G
NC_002677.1	1665902	G	C
NC_002677.1	1677493	G	C
NC_002677.1	1679768	A	G
NC_002677.1	1680956	G	T
NC_002677.1	1701590	G	C
NC_002677.1	1702898	T	TG
NC_002677.1	1705881	G	A
NC_002677.1	1713506	A	T
NC_002677.1	1725797	C	G
NC_002677.1	1732457	C	A
NC_002677.1	1741674	G	GTA
NC_002677.1	1744090	GTATATA	GTA,G,GTATATATA
NC_002677.1	1752705	C	T
NC_002677.1	1754494	G	A
NC_002677.1	1759431	C	T
NC_002677.1	1762243	T	C
NC_002677.1	1768470	G	T
NC_002677.1	1778020	A	ACC,AC
NC_002677.1	1791500	G	A
NC_002677.1	1791913	A	ACAC
NC_002677.1	1791924	A	AC
NC_002677.1	1797379	CGCAGATAGCA	C
NC_002677.1	1813428	A	AGT
NC_002677.1	1816850	GGCACCT	GGCACCTGCACCT,G
NC_002677.1	1822906	T	G
NC_002677.1	1823649	C	A
NC_002677.1	1828126	A	G
NC_002677.1	1839270	A	G
NC_002677.1	1841279	C	CG
NC_002677.1	1843283	C	A
NC_002677.1	1848527	T	C
NC_002677.1	1848606	T	C
NC_002677.1	1849026	G	GC
NC_002677.1	1858060	T	TA
NC_002677.1	1868993	G	T
NC_002677.1	1870656	A	G
NC_002677.1	1890243	C	G
NC_002677.1	1890244	G	C
NC_002677.1	1912456	A	AC
NC_002677.1	1924097	G	A
NC_002677.1	1926696	T	C
NC_002677.1	1937233	G	A
NC_002677.1	1941699	T	G
NC_002677.1	1959512	A	ACAC
NC_002677.1	1959523	A	AC
NC_002677.1	1967497	G	T
NC_002677.1	1969688	C	A
NC_002677.1	1971193	G	A
NC_002677.1	1974673	C	T
NC_002677.1	1977878	G	A
NC_002677.1	1987155	ACCCCCC	A
NC_002677.1	1992477	A	G
NC_002677.1	1999222	A	G
NC_002677.1	1999707	CCCCACCAG	C
NC_002677.1	2006018	A	G
NC_002677.1	2011747	T	G
NC_002677.1	2015320	G	C
NC_002677.1	2017943	A	G
NC_002677.1	2023404	A	C
NC_002677.1	2030803	G	A
NC_002677.1	2033094	T	C
NC_002677.1	2040883	G	A
NC_002677.1	2042429	T	TG
NC_002677.1	2043287	A	G
NC_002677.1	2047765	T	C
NC_002677.1	2049869	G	A
NC_002677.1	2055222	T	C
NC_002677.1	2066263	T	G
NC_002677.1	2079043	T	C
NC_002677.1	2100523	C	G
NC_002677.1	2103438	CG	C
NC_002677.1	2104127	T	C
NC_002677.1	2113460	G	A
NC_002677.1	2114696	G	A
NC_002677.1	2114978	C	CAT
NC_002677.1	2116013	G	T
NC_002677.1	2116305	C	G
NC_002677.1	2119468	T	C
NC_002677.1	2127770	C	CA
NC_002677.1	2127823	A	G
NC_002677.1	2135230	G	A
NC_002677.1	2142011	CT	C
NC_002677.1	2148809	G	A
NC_002677.1	2152117	T	C
NC_002677.1	2152544	A	G
NC_002677.1	2154646	C	T
NC_002677.1	2155013	T	G
NC_002677.1	2161753	TG	T
NC_002677.1	2174865	G	C
NC_002677.1	2175587	C	G
NC_002677.1	2181893	G	A
NC_002677.1	2200103	C	T
NC_002677.1	2205779	TA	T
NC_002677.1	2207245	G	T
NC_002677.1	2210449	A	G
NC_002677.1	2211034	TAC	T,TACAC
NC_002677.1	2215739	G	A
NC_002677.1	2219155	G	T
NC_002677.1	2235048	C	T
NC_002677.1	2235172	C	T
NC_002677.1	2238680	G	A
NC_002677.1	2254583	T	C
NC_002677.1	2263547	G	A
NC_002677.1	2269376	G	A
NC_002677.1	2269401	G	A
NC_002677.1	2269826	A	C
NC_002677.1	2278551	C	A
NC_002677.1	2284675	C	T
NC_002677.1	2300727	G	GTGGTGGGC
NC_002677.1	2301042	T	C
NC_002677.1	2301051	C	T
NC_002677.1	2309138	C	T
NC_002677.1	2309208	A	G
NC_002677.1	2309287	A	G
NC_002677.1	2309296	A	G
NC_002677.1	2312059	C	G
NC_002677.1	2316360	G	A
NC_002677.1	2343011	C	T
NC_002677.1	2343242	G	GC
NC_002677.1	2344787	G	A
NC_002677.1	2349067	G	A
NC_002677.1	2386469	C	A
NC_002677.1	2388071	G	C
NC_002677.1	2395657	C	G
NC_002677.1	2419677	T	C
NC_002677.1	2429792	T	A
NC_002677.1	2441339	C	T
NC_002677.1	2447312	C	A
NC_002677.1	2459766	A	G
NC_002677.1	2460206	T	TGGCG
NC_002677.1	2460212	C	T
NC_002677.1	2460215	G	T
NC_002677.1	2468130	C	A
NC_002677.1	2479517	T	C
NC_002677.1	2483560	T	TA
NC_002677.1	2483907	CA	C
NC_002677.1	2486596	AT	A
NC_002677.1	2494215	T	C
NC_002677.1	2507096	G	GCA
NC_002677.1	2509206	C	A
NC_002677.1	2513822	GTCTCTGACAA	G
NC_002677.1	2518840	G	C
NC_002677.1	2521135	G	A
NC_002677.1	2553176	T	G
NC_002677.1	2553944	GT	G
NC_002677.1	2561800	C	A
NC_002677.1	2567248	AGTG	A
NC_002677.1	2574108	T	C
NC_002677.1	2574596	G	A
NC_002677.1	2583813	GGTA	GGTAGTA,G
NC_002677.1	2584343	C	G
NC_002677.1	2596733	G	GTA
NC_002677.1	2596867	G	A
NC_002677.1	2597734	GATATATATATAT	G,GATATATAT
NC_002677.1	2650240	A	G
NC_002677.1	2658191	AC	A,ACC,ACCCC
NC_002677.1	2662629	C	T
NC_002677.1	2679975	C	T
NC_002677.1	2706236	T	G
NC_002677.1	2710194	A	G
NC_002677.1	2711942	T	G
NC_002677.1	2712197	G	T
NC_002677.1	2751783	A	G
NC_002677.1	2757405	GC	G
NC_002677.1	2774057	G	T
NC_002677.1	2775050	G	A
NC_002677.1	2785432	TGAAGAAGAAGAAGAAGAAGAAGAAGAAGAAGAAGAA	T,TGAAGAAGAAGAAGAAGAAGAAGAAGAAGAAGAAGAAGAAGAAGAAGAA,TGAAGAAGAAGAAGAAGAAGAA,TGAAGAAGAAGAAGAA
NC_002677.1	2804726	C	A
NC_002677.1	2818521	T	C
NC_002677.1	2820167	A	G
NC_002677.1	2822967	A	G
NC_002677.1	2835913	CGTGT	C
NC_002677.1	2836165	G	A
NC_002677.1	2836244	A	G
NC_002677.1	2836253	A	G
NC_002677.1	2836564	ACCAGC	A
NC_002677.1	2836578	A	C
NC_002677.1	2844969	CATATAT	C
NC_002677.1	2855182	G	T
NC_002677.1	2859306	T	TG
NC_002677.1	2860248	T	G
NC_002677.1	2860582	G	T
NC_002677.1	2867851	C	T
NC_002677.1	2875537	G	GC
NC_002677.1	2878040	C	A
NC_002677.1	2887094	C	CATA
NC_002677.1	2891869	G	T
NC_002677.1	2893091	G	GT
NC_002677.1	2899715	T	G
NC_002677.1	2900276	C	G
NC_002677.1	2902257	C	G
NC_002677.1	2915098	A	AC
NC_002677.1	2924106	A	C
NC_002677.1	2935685	A	C
NC_002677.1	2936401	G	A
NC_002677.1	2943754	G	A
NC_002677.1	2944167	ACAC	A
NC_002677.1	2944181	A	AC
NC_002677.1	2945486	TATAATACTGTAGTGAACGACATC	T
NC_002677.1	2948105	G	GC
NC_002677.1	2951819	GTATATA	G,GTA,GTATA
NC_002677.1	2956317	C	T
NC_002677.1	2964999	T	C
NC_002677.1	2977226	C	T
NC_002677.1	2977229	A	T
NC_002677.1	2981212	G	A
NC_002677.1	2987747	C	G
NC_002677.1	2990150	T	C
NC_002677.1	2992340	T	C
NC_002677.1	3008043	C	T
NC_002677.1	3015988	C	T
NC_002677.1	3016175	T	C
NC_002677.1	3016895	C	A
NC_002677.1	3022315	G	A
NC_002677.1	3029333	C	T
NC_002677.1	3030632	T	C
NC_002677.1	3043758	C	A
NC_002677.1	3047644	A	G
NC_002677.1	3057114	G	C
NC_002677.1	3057124	A	G
NC_002677.1	3057161	C	T
NC_002677.1	3059918	A	G
NC_002677.1	3068704	G	A
NC_002677.1	3071352	A	G
NC_002677.1	3075776	C	A
NC_002677.1	3076050	G	C
NC_002677.1	3086507	T	C
NC_002677.1	3090636	C	A
NC_002677.1	3097168	G	T
NC_002677.1	3100774	G	GC
NC_002677.1	3102778	A	C
NC_002677.1	3106502	C	CA
NC_002677.1	3109982	A	G
NC_002677.1	3120966	T	C
NC_002677.1	3132639	G	A
NC_002677.1	3133744	G	A
NC_002677.1	3148817	G	T
NC_002677.1	3152586	C	T
NC_002677.1	3175296	A	C
NC_002677.1	3176737	T	G
NC_002677.1	3191340	G	A
NC_002677.1	3201250	G	A
NC_002677.1	3202695	A	G
NC_002677.1	3215535	G	A
NC_002677.1	3219733	C	A
NC_002677.1	3232232	C	A
NC_002677.1	3236317	G	A
NC_002677.1	3243648	C	A
NC_002677.1	3243731	A	G
NC_002677.1	3248058	T	C
NC_002677.1	3250524	A	G
NC_002677.1	3256572	C	T
NC_002677.1	3257843	C	CATCGACACTCCCCGCGGTGAT
NC_002677.1	3263810	G	A
NC_002677.1	3265736	G	A
NC_002677.1	3268175	G	T
